key,ru,ro,en
"ui.navDishes","Блюда","Bucate","Dishes"
"ui.navMenu","Меню","Meniu","Menu"
"ui.navBar","Бар","Bar","Bar"
"ui.navFind","Найти нас","Unde suntem","Find us"
"ui.navAbout","О нас","Despre noi","About"
"ui.navHome","← На главную","← Acasă","← Home"
"ui.navBack","← Назад","← Înapoi","← Back"
"ui.navAllMenu","Всё меню","Tot meniul","Full menu"
"ui.logoSub","Грузинский ресторан","Restaurant georgian","Georgian restaurant"
"ui.menuWordmark","Меню","Meniu","Menu"
"ui.seoHomeTitle","Gamarjoba — грузинский ресторан в Кишинёве","Gamarjoba — restaurant georgian în Chișinău","Gamarjoba — Georgian restaurant in Chișinău"
"ui.seoHomeDesc","Gamarjoba — ресторан традиционной грузинской кухни в Кишинёве. Хачапури, хинкали, мцвади на углях и вино из квеври. Гость — это подарок от Бога.","Gamarjoba — restaurant de bucătărie georgiană tradițională în Chișinău. Hachapuri, hinkali, mtsvadi pe cărbuni și vin din kvevri. Oaspetele e un dar de la Dumnezeu.","Gamarjoba — traditional Georgian restaurant in Chișinău. Khachapuri, khinkali, charcoal-grilled mtsvadi and qvevri wine. A guest is a gift from God."
"ui.seoMenuTitle","Меню — Gamarjoba","Meniu — Gamarjoba","Menu — Gamarjoba"
"ui.seoMenuDesc","Полное меню ресторана Gamarjoba: хачапури, хинкали, мангал, супы, салаты и десерты. Все цены в леях.","Meniul complet al restaurantului Gamarjoba: hachapuri, hinkali, grătar, supe, salate și deserturi. Toate prețurile în lei.","The full Gamarjoba menu: khachapuri, khinkali, grill, soups, salads and desserts. All prices in lei."
"ui.seoMenuOgTitle","Меню — Gamarjoba, грузинский ресторан в Кишинёве","Meniu — Gamarjoba, restaurant georgian în Chișinău","Menu — Gamarjoba, Georgian restaurant in Chișinău"
"ui.seoDishTitle","Блюдо — Gamarjoba","Preparat — Gamarjoba","Dish — Gamarjoba"
"ui.seoDishDesc","Блюдо из меню Gamarjoba — ресторана традиционной грузинской кухни в Кишинёве.","Un preparat din meniul Gamarjoba — restaurant de bucătărie georgiană tradițională în Chișinău.","A dish from the Gamarjoba menu — a traditional Georgian restaurant in Chișinău."
"ui.seoNotFoundTitle","Страница не найдена — Gamarjoba","Pagina nu a fost găsită — Gamarjoba","Page not found — Gamarjoba"
"ui.seoNotFoundDesc","Такой страницы на сайте Gamarjoba нет. Вернитесь на главную или откройте меню ресторана.","Această pagină nu există pe site-ul Gamarjoba. Reveniți la pagina principală sau deschideți meniul.","There is no such page on the Gamarjoba site. Go back home or open the restaurant menu."
"ui.seoLocale","ru_RU","ro_RO","en_US"
"ui.heroEyebrow","Грузинская кухня · Кишинёв","Bucătărie georgiană · Chișinău","Georgian cuisine · Chișinău"
"ui.heroSub","По-грузински — <em>«здравствуй»</em>. Буквально — <em>«победа тебе»</em>.<br />Здесь так встречают каждого гостя.","În georgiană — <em>„bună ziua”</em>. Literal — <em>„victorie ție”</em>.<br />Așa întâmpinăm fiecare oaspete.","In Georgian it means <em>“hello”</em>. Literally — <em>“victory to you”</em>.<br />That is how we greet every guest."
"ui.heroTitle2","Откройте для себя Грузию","Descoperă Georgia","Discover Georgia"
"ui.heroSub2","Земля древних гор, гостеприимства и бесконечного вкуса вина","Ținutul munților străvechi, al ospitalității și al gustului nesfârșit de vin","A land of ancient mountains, hospitality and the endless taste of wine"
"ui.heroCta","Смотреть меню","Vezi meniul","See the menu"
"ui.storyLabel","Наша история","Povestea noastră","Our story"
"ui.storyTitle","Грузия<br /><em>на одном столе</em>","Georgia<br /><em>la o singură masă</em>","Georgia<br /><em>on one table</em>"
"ui.storyLead","Gamarjoba по-грузински значит «здравствуй» — и с этого слова начинается каждый вечер у нас. Мы привезли в Кишинёв дух супры, грузинского застолья: тёплый хлеб из глиняной печи, щедрые порции и вино, которое льётся, пока звучат тосты.","Gamarjoba în georgiană înseamnă „bună ziua” — și cu acest cuvânt începe fiecare seară la noi. Am adus la Chișinău spiritul suprei, ospățul georgian: pâine caldă din cuptor de lut, porții generoase și vin care curge cât se rostesc toasturile.","Gamarjoba means “hello” in Georgian — and every evening here begins with that word. We brought the spirit of the supra, the Georgian feast, to Chișinău: warm bread from a clay oven, generous plates, and wine that keeps flowing as the toasts are made."
"ui.storyText","Каждое блюдо здесь — маленькая история. Аджарули пекут в форме лодочки, чтобы удержать солнце из сыра и яйца. Хинкали лепят вручную и едят руками, сначала выпивая горячий бульон. Мцвади жарят только на живых углях, без спешки. А вино мы наливаем из квеври — глиняных сосудов, что вызревают в земле, как тысячу лет назад. Приходите — и Грузия окажется ближе, чем кажется.","Fiecare fel de mâncare e o mică poveste. Adjaruli se coace în formă de luntre, ca să țină soarele din brânză și ou. Hinkali se modelează manual și se mănâncă cu mâna, sorbind mai întâi zeama fierbinte. Mtsvadi se frige doar pe cărbuni, fără grabă. Iar vinul îl turnăm din kvevri — vase de lut ce se maturează în pământ, ca acum o mie de ani. Veniți — și Georgia va fi mai aproape decât pare.","Every dish here is a small story. Adjaruli is baked boat-shaped to cradle its sun of cheese and egg. Khinkali are folded by hand and eaten with your fingers, the hot broth sipped first. Mtsvadi is grilled over live coals alone, unhurried. And the wine we pour from qvevri — clay vessels that ripen in the earth as they did a thousand years ago. Come, and Georgia will feel closer than you thought."
"ui.aboutTitle","О ресторане","Despre restaurant","About the restaurant"
"ui.aboutText","Gamarjoba — это про настоящую Грузию: щедрый стол, живой огонь и рецепты, которые передаются в семьях из поколения в поколение. Мы не имитируем грузинскую кухню — мы её проживаем. Каждое блюдо готовит наш шеф-повар по традиционным рецептам, а гости уходят с ощущением, что побывали в гостях у большой грузинской семьи.","Gamarjoba înseamnă Georgia adevărată: masă îmbelșugată, foc viu și rețete transmise în familii din generație în generație. Nu imităm bucătăria georgiană — o trăim. Fiecare fel de mâncare e gătit de bucătarul nostru după rețete tradiționale, iar oaspeții pleacă cu senzația că au fost în ospeție la o mare familie georgiană.","Gamarjoba is about the real Georgia: a generous table, live fire and recipes passed down in families from generation to generation. We don't imitate Georgian cuisine — we live it. Every dish is cooked by our chef to traditional recipes, and guests leave feeling they've been welcomed into a big Georgian family."
"ui.sourceTitle","Продукты, которым можно доверять","Produse în care poți avea încredere","Ingredients you can trust"
"ui.sourceText","Мы сами ездим за продуктами. Мясо для мцвади и хинкали — с проверенных ферм, зелень и овощи — свежие, специи — привезённые. Прежде чем блюдо попадёт к вам на стол, мы знаем, откуда оно. Именно поэтому вкус получается таким, каким он должен быть.","Mergem noi înșine după produse. Carnea pentru mtsvadi și hinkali — de la ferme verificate, verdeața și legumele — proaspete, mirodeniile — aduse special. Înainte ca un fel de mâncare să ajungă pe masa voastră, știm de unde vine. De aceea gustul iese exact așa cum trebuie.","We go for the ingredients ourselves. The meat for mtsvadi and khinkali comes from trusted farms, the herbs and vegetables are fresh, the spices are brought in. Before a dish reaches your table, we know where it came from. That's why the taste turns out exactly as it should."
"ui.bookCta","Забронировать стол","Rezervă o masă","Book a table"
"ui.bookWhatsApp","Написать в WhatsApp","Scrie pe WhatsApp","Message on WhatsApp"
"ui.introText","<strong>Хачапури</strong> из глиняной печи, <strong>хинкали</strong> с горячим бульоном, <strong>мясо на живых углях</strong> и вино из квеври. Мы готовим так, как готовят дома в Грузии, — <em>щедро и без спешки.</em>","<strong>Khachapuri</strong> din cuptor de lut, <strong>hinkali</strong> cu supă fierbinte, <strong>carne pe cărbuni</strong> și vin din kvevri. Gătim ca acasă în Georgia — <em>generos și fără grabă.</em>","<strong>Khachapuri</strong> from a clay oven, <strong>khinkali</strong> full of hot broth, <strong>meat over live coals</strong> and qvevri wine. We cook the way they cook at home in Georgia — <em>generously and unhurried.</em>"
"ui.dishesLabel","01 — Выбор шеф-повара","01 — Recomandările șefului","01 — Chef's choice"
"ui.dishesTitle","Знаковые<br /><em>блюда</em>","Bucate<br /><em>emblematice</em>","Signature<br /><em>dishes</em>"
"ui.dishesHint","Нажмите на блюдо, чтобы узнать о нём больше","Apăsați pe un fel de mâncare pentru a afla mai multe","Tap a dish to learn more about it"
"ui.dishesMore","Смотреть всё меню","Vezi tot meniul","See the full menu"
"ui.visitLabel","02 — Найти нас","02 — Unde suntem","02 — Find us"
"ui.visitTitle","Приходите<br /><em>в гости</em>","Veniți<br /><em>în ospeție</em>","Come<br /><em>visit us</em>"
"ui.visitAddress","Адрес","Adresa","Address"
"ui.visitAddressVal","Aleea Mircea cel Bătrân 6,<br />Кишинёв, Молдова","Aleea Mircea cel Bătrân 6,<br />Chișinău, Moldova","Aleea Mircea cel Bătrân 6,<br />Chișinău, Moldova"
"ui.visitHours","Часы","Program","Hours"
"ui.visitHoursVal","Ежедневно<br />11:00 — 23:00","Zilnic<br />11:00 — 23:00","Daily<br />11:00 — 23:00"
"ui.visitBook","Бронь стола","Rezervări","Book a table"
"ui.footerCopy","© 2026 Gamarjoba · Кишинёв","© 2026 Gamarjoba · Chișinău","© 2026 Gamarjoba · Chișinău"
"ui.notFoundLabel","Ошибка 404","Eroare 404","Error 404"
"ui.notFoundTitle","Такой страницы<br /><em>у нас нет</em>","Această pagină<br /><em>nu există</em>","This page<br /><em>doesn't exist</em>"
"ui.notFoundText","Возможно, блюдо переехало в другой раздел меню или в ссылке опечатка. Хачапури, впрочем, на месте — загляните в меню.","Poate că preparatul s-a mutat în alt capitol al meniului sau linkul are o greșeală. Khachapuri, oricum, e la locul lui — aruncați o privire în meniu.","The dish may have moved to another part of the menu, or the link has a typo. The khachapuri, however, is right where it was — take a look at the menu."
"ui.notFoundHome","На главную","Acasă","Home"
"ui.footerHome","gamarjoba — на главную","gamarjoba — acasă","gamarjoba — home"
"ui.menuEyebrow","Все цены — в леях · RO · RU · EN","Toate prețurile — în lei · RO · RU · EN","All prices in MDL · RO · RU · EN"
"ui.menuSub","Полное меню — как в ресторане, до последнего соуса.<br /><em>Скажите официанту, если у вас аллергия на какие-либо продукты.</em>","Meniul complet — ca în restaurant, până la ultimul sos.<br /><em>Vă rugăm să informați chelnerul dacă aveți alergii alimentare.</em>","The full menu — just like in the restaurant, down to the last sauce.<br /><em>Please tell your waiter about any food allergies.</em>"
"ui.tabKitchen","Кухня","Bucătărie","Kitchen"
"ui.tabBar","Бар","Bar","Bar"
"ui.menuOutro","Не можете выбрать? Позвоните — соберём стол под вашу компанию.","Nu vă puteți decide? Sunați-ne — pregătim masa pentru compania voastră.","Can't decide? Call us — we'll set the table for your party."
"ui.menuOutroCta","Забронировать · +373 69 904 304","Rezervă · +373 69 904 304","Book · +373 69 904 304"
"ui.dishWeight","Вес","Gramaj","Weight"
"ui.dishPrice","Цена","Preț","Price"
"ui.dishAbout","О блюде","Despre","About"
"ui.dishHow","Как это едят","Cum se mănâncă","How to eat it"
"ui.dishNext","Следующее блюдо","Următorul fel","Next dish"
"ui.dishAdd","В корзину","În coș","Add to cart"
"ui.dishNoAllergens","без аллергенов","fără alergeni","no allergens"
"ui.dishVariants","Варианты","Variante","Options"
"ui.badgePremium","Особый выбор","Premium","Premium"
"ui.badgeLegend","Легенда Грузии","Legendar","Legendary"
"ui.badgeClassic","Вечная классика","Clasic","Timeless classic"
"ui.badgeBestseller","Хит продаж","Best seller","Best seller"
"ui.cartTitle","Корзина","Coș","Cart"
"ui.cartEmpty","Пока пусто.<br /><em>Загляните в меню — там хачапури.</em>","Deocamdată e gol.<br /><em>Aruncați o privire în meniu — e khachapuri acolo.</em>","Empty for now.<br /><em>Take a look at the menu — there's khachapuri.</em>"
"ui.cartTotal","Итого","Total","Total"
"ui.cartNote","Позвоните нам и продиктуйте заказ — соберём к вашему приходу или к брони стола.","Sunați-ne și dictați comanda — o pregătim pentru sosirea sau rezervarea dvs.","Call us and read out your order — we'll have it ready for your arrival or booking."
"ui.cartCall","Позвонить и заказать · +373 69 904 304","Sună și comandă · +373 69 904 304","Call to order · +373 69 904 304"
"ui.cartClear","Очистить корзину","Golește coșul","Clear cart"
"ui.cartOrder","Заказать в WhatsApp","Comandă pe WhatsApp","Order via WhatsApp"
"ui.cartOrderNote","Заполните имя и телефон — заказ откроется готовым сообщением в WhatsApp, останется нажать «Отправить».","Completați numele și telefonul — comanda se va deschide ca mesaj gata în WhatsApp, rămâne doar să apăsați „Trimite”.","Fill in your name and phone — the order opens as a ready message in WhatsApp, just press Send."
"ui.cartName","Имя","Nume","Name"
"ui.cartPhone","Телефон","Telefon","Phone"
"ui.cartComment","Комментарий (время, адрес, пожелания)","Comentariu (oră, adresă, dorințe)","Note (time, address, wishes)"
"ui.cartOrEmpty","Добавьте блюда, чтобы оформить заказ","Adăugați bucate pentru a comanda","Add dishes to place an order"
"ui.waTitle","Новый заказ с сайта Gamarjoba","Comandă nouă de pe site-ul Gamarjoba","New order from the Gamarjoba website"
"ui.waOrder","Заказ","Comanda","Order"
"ui.waTotal","Итого","Total","Total"
"ui.waName","Имя","Nume","Name"
"ui.waPhone","Телефон","Telefon","Phone"
"ui.waComment","Комментарий","Comentariu","Note"
"menu.chef.title","Выбор шеф-повара","Recomandările șefului","Chef's choice"
"menu.chef.shurpa.name","Shurpa","Shurpa","Shurpa"
"menu.chef.shurpa.desc","Шурпа — густой суп из ягнёнка","Supă groasă de miel","Thick lamb soup"
"menu.chef.adjaruli.name","Adjaruli","Adjaruli","Adjaruli"
"menu.chef.adjaruli.desc","Хачапури-лодочка с яйцом","Luntre khachapuri cu ou","Boat khachapuri with egg"
"menu.chef.badrijani.name","Badrijani","Badrijani","Badrijani"
"menu.chef.badrijani.desc","Рулетики из баклажана с орехом","Rulouri de vinete cu nuci","Aubergine rolls with walnuts"
"menu.chef.mtsvadi.name","Mtsvadi из телятины","Mtsvadi Vițel","Veal mtsvadi"
"menu.chef.mtsvadi.desc","Телятина на углях","Vițel pe cărbuni","Charcoal-grilled veal"
"menu.sets.title","Мясные сеты для компаний","Platouri pentru companii","Family platters"
"menu.sets.set-din-carne-mix.name","Мясной сет «Микс»","Set din carne Mix","Mixed meat platter"
"menu.sets.set-din-carne-mix.desc","Ягнёнок, телятина, свинина: рёбрышки, кебаб, шашлык, абхазура","Miel, vițel, porc: costițe, kebab, frigărui, abhazura","Lamb, veal, pork: ribs, kebab, skewers, abkhazura"
"menu.sets.set-din-carne-de-miel.name","Сет из ягнёнка","Set din carne de miel","Lamb platter"
"menu.sets.set-din-carne-de-miel.desc","Пир из ягнёнка: каре, шашлык, люля, вырезка","Ospăț de miel: cotlete, frigărui, liulea, mușchi","A lamb feast: rack, skewers, kebab, tenderloin"
"menu.sets.set-din-carne-de-porc.name","Сет из свинины","Set din carne de porc","Pork platter"
"menu.sets.set-din-carne-de-porc.desc","Свиной сет: рёбрышки, шашлык, люля-кебаб","Set de porc: costițe, frigărui, liulea-kebab","Pork set: ribs, skewers, lula kebab"
"menu.sets.set-din-carne-de-pui.name","Сет из курицы","Set din carne de pui","Chicken platter"
"menu.sets.set-din-carne-de-pui.desc","Куриный сет: крылышки, голени, бёдра с овощами гриль","Set de pui: aripioare, pulpe, copane cu legume la grătar","Chicken set: wings, drumsticks, thighs with grilled vegetables"
"menu.cold.title","Холодные закуски","Gustări reci","Cold starters"
"menu.cold.mtsnili.name","Mtsnili","Mtsnili","Mtsnili"
"menu.cold.mtsnili.desc","Грузинские соленья: зелёные помидоры, огурцы, чеснок, капуста","Murături georgiene: roșii verzi, castraveți, usturoi, varză","Georgian pickles: green tomatoes, cucumbers, garlic, cabbage"
"menu.cold.kveli.name","Kveli","Kveli","Kveli"
"menu.cold.kveli.desc","Тарелка крафтовых сыров: сулугуни, имеретинский, копчёный, с орехами","Selecție de brânzeturi: suluguni, imereti, afumată, cu nuci","Craft cheese board: sulguni, Imeretian, smoked, with walnuts"
"menu.cold.tevzis-assorti.name","Tevzis Assorti","Tevzis Assorti","Tevzis Assorti"
"menu.cold.tevzis-assorti.desc","Рыбное ассорти: лосось, масляная, скумбрия","Platou de pește: somon, pește-unt, macrou","Fish platter: salmon, butterfish, mackerel"
"menu.cold.khortcis-assorti.name","Khortcis Assorti","Khortcis Assorti","Khortcis Assorti"
"menu.cold.khortcis-assorti.desc","Мясная тарелка: сало, колбаска, пастрома, почеревка","Platou cu carne: slănină, cârnăciori, pastramă, piept de porc","Meat plate: lard, sausage, pastrami, pork belly"
"menu.cold.mokharshuli-ena.name","Mokharshuli Ena","Mokharshuli Ena","Mokharshuli Ena"
"menu.cold.mokharshuli-ena.desc","Отварной говяжий язык с хреном и горчицей","Limbă de vită fiartă cu hrean și muștar","Boiled beef tongue with horseradish and mustard"
"menu.cold.bulgaruli.name","Bulgaruli","Bulgaruli","Bulgaruli"
"menu.cold.bulgaruli.desc","Запечённый перец с ореховой начинкой","Ardei copți umpluți cu pastă de nuci","Roasted peppers stuffed with walnut paste"
"menu.cold.heringi-kartophilit.name","Heringi Kartophilit","Heringi Kartophilit","Heringi Kartophilit"
"menu.cold.heringi-kartophilit.desc","Сельдь с золотистым запечённым картофелем","Hering cu cartofi copți aurii","Herring with golden roasted potatoes"
"menu.cold.bostneulis-assorti.name","Bostneulis Assorti","Bostneulis Assorti","Bostneulis Assorti"
"menu.cold.bostneulis-assorti.desc","Свежие садовые овощи и много зелени","Legume proaspete de grădină și multă verdeață","Fresh garden vegetables and lots of greens"
"menu.hot-starters.title","Горячие закуски","Gustări calde","Hot starters"
"menu.hot-starters.creveti-cu-spanac.name","Креветки со шпинатом","Creveți cu spanac","Prawns with spinach"
"menu.hot-starters.creveti-cu-spanac.desc","Креветки со шпинатом","Creveți cu spanac","Prawns with spinach"
"menu.hot-starters.shkmeruli.name","Shkmeruli","Shkmeruli","Shkmeruli"
"menu.hot-starters.shkmeruli.desc","Цыплёнок в чесночно-сливочном соусе","Pui în sos cremos de usturoi","Chicken in creamy garlic sauce"
"menu.hot-starters.djigari.name","Djigari","Djigari","Djigari"
"menu.hot-starters.djigari.desc","Джигари — жаркое из печени","Ficăței sotați cu ceapă","Sautéed liver with onions"
"menu.hot-starters.kucimaci.name","Kucimaci","Kucimaci","Kucimaci"
"menu.hot-starters.kucimaci.desc","Кучмачи — потроха с орехами и специями","Kuchmachi — măruntaie cu nuci și mirodenii","Kuchmachi — giblets with walnuts and spices"
"menu.hot-starters.4.name","Бараньи семенники","Semințe de miel","Lamb fries"
"menu.hot-starters.4.desc","Бараньи семенники на углях","Fudulii de miel pe cărbuni","Lamb fries over coals"
"menu.hot-starters.dolma.name","Dolma","Dolma","Dolma"
"menu.hot-starters.dolma.desc","Долма — виноградные листья с мясом","Dolma — frunze de viță cu carne","Dolma — vine leaves stuffed with meat"
"menu.hot-starters.soko-ketze.name","Soko Ketze","Soko Ketze","Soko Ketze"
"menu.hot-starters.soko-ketze.desc","Грибы под сулугуни на кеци","Ciuperci cu suluguni la ketsi","Mushrooms with sulguni on a ketsi pan"
"menu.hot-starters.lobio-cu-nuci.name","Lobio с орехами","Lobio cu nuci","Lobio with walnuts"
"menu.hot-starters.lobio-cu-nuci.desc","Лобио с орехами","Lobio cu nuci","Lobio with walnuts"
"menu.hot-starters.lobio.name","Lobio","Lobio","Lobio"
"menu.hot-starters.lobio.desc","Лобио — томлёная фасоль со специями","Lobio — fasole înăbușită cu mirodenii","Lobio — slow-cooked beans with spices"
"menu.hot-starters.tsitsila-tabaka.name","Tsitsila Tabaka","Tsitsila Tabaka","Tsitsila Tabaka"
"menu.hot-starters.tsitsila-tabaka.desc","Цыплёнок табака (цена за 100 г)","Pui tabaka (preț per 100 g)","Chicken tabaka (price per 100 g)"
"menu.salads.title","Салаты","Salate","Salads"
"menu.salads.salata-gamarjoba.name","Салат «Gamarjoba»","Salată Gamarjoba","Gamarjoba salad"
"menu.salads.salata-gamarjoba.desc","Фирменный салат","Salata casei","Our signature salad"
"menu.salads.salata-cu-limba.name","Салат с языком","Salată cu limbă","Beef tongue salad"
"menu.salads.salata-cu-limba.desc","Салат с языком","Salată cu limbă","Beef tongue salad"
"menu.salads.salata-kahetiana.name","Кахетинский салат","Salată Kahetiană","Kakhetian salad"
"menu.salads.salata-kahetiana.desc","Кахетинский салат","Salată kahetiană","Kakhetian salad"
"menu.salads.atsatsili-de-vinete.name","Atsatsili из баклажанов","Atsatsili de vinete","Atsatsili with aubergine"
"menu.salads.atsatsili-de-vinete.desc","Ацацили: печёные баклажаны, орех, кинза","Vinete coapte, nuci, coriandru","Roasted aubergine, walnuts, coriander"
"menu.salads.salata-guriana.name","Гурийский салат","Salată Guriană","Gurian salad"
"menu.salads.salata-guriana.desc","Гурийский: с грецким орехом и киндзой","Guriană: cu nuci și coriandru","Gurian: with walnuts and coriander"
"menu.salads.salata-georgiana.name","Грузинский салат","Salată Georgiană","Georgian salad"
"menu.salads.salata-georgiana.desc","Грузинский: помидоры, огурцы, базилик","Georgiană: roșii, castraveți, busuioc","Georgian: tomatoes, cucumbers, basil"
"menu.soups.title","Первые блюда","Primele feluri","Soups"
"menu.soups.shurpa.name","Shurpa","Shurpa","Shurpa"
"menu.soups.shurpa.desc","Наваристый суп из ягнёнка","Supă consistentă de miel","Rich lamb soup"
"menu.soups.bors-rosu.name","Красный борщ","Borș roșu","Red borscht"
"menu.soups.bors-rosu.desc","Красный борщ","Borș roșu","Red borscht"
"menu.soups.chikhirtma-cu-hinkali.name","Chikhirtma с хинкали","Chikhirtma cu hinkali","Chikhirtma with khinkali"
"menu.soups.chikhirtma-cu-hinkali.desc","Белый куриный суп с маленькими хинкали","Supă albă de pui cu hinkali mici","White chicken soup with little khinkali"
"menu.soups.solyanka.name","Solyanka","Solyanka","Solyanka"
"menu.soups.solyanka.desc","Солянка: пять видов мяса, солёные огурчики, маслины, лимон","Solyanka: cinci feluri de carne, castraveciori murați, măsline, lămâie","Solyanka: five kinds of meat, pickles, olives, lemon"
"menu.soups.chikhirtma-cu-carne-de-pui.name","Chikhirtma с курицей","Chikhirtma cu carne de pui","Chicken chikhirtma"
"menu.soups.chikhirtma-cu-carne-de-pui.desc","Чихиртма — бархатный белый куриный суп","Chikhirtma — supă albă catifelată de pui","Chikhirtma — velvety white chicken soup"
"menu.soups.kharcho.name","Kharcho","Kharcho","Kharcho"
"menu.soups.kharcho.desc","Харчо — острый суп с говядиной и рисом","Kharcho — supă picantă cu vită și orez","Kharcho — spicy beef and rice soup"
"menu.hinkali.title","Хинкали","Hinkali","Khinkali"
"menu.hinkali.note","Обычные — 3 шт. Любые хинкали можно взять жареными (la tigaie) — +5 лей.","Porția — 3 buc. Orice hinkali pot fi la tigaie — +5 lei.","A portion is 3 pcs. Any khinkali can be pan-fried — +5 lei."
"menu.hinkali.mama-hinkali.name","Mama Hinkali","Mama Hinkali","Mama Hinkali"
"menu.hinkali.mama-hinkali.desc","Гигантский хинкали на всю компанию","Hinkali gigant pentru toată compania","A giant khinkali for the whole table"
"menu.hinkali.hinkali-cu-carne-de-vita.name","Hinkali с говядиной","Hinkali cu carne de vită","Khinkali with beef"
"menu.hinkali.hinkali-cu-carne-de-vita.desc","С говядиной","Cu carne de vită","With beef"
"menu.hinkali.hinkali-cu-carne-de-vita.variant.0","Отварные","Fierte","Boiled"
"menu.hinkali.hinkali-cu-carne-de-vita.variant.1","Жареные","La tigaie","Pan-fried"
"menu.hinkali.hinkali-mixt-porc-vita.name","Hinkali из свинины и говядины","Hinkali mixt porc-vită","Khinkali with pork and beef"
"menu.hinkali.hinkali-mixt-porc-vita.desc","Свинина-говядина","Porc-vită","Pork and beef"
"menu.hinkali.hinkali-mixt-porc-vita.variant.0","Отварные","Fierte","Boiled"
"menu.hinkali.hinkali-mixt-porc-vita.variant.1","Жареные","La tigaie","Pan-fried"
"menu.hinkali.hinkali-cu-carne-de-miel.name","Hinkali с ягнёнком","Hinkali cu carne de miel","Khinkali with lamb"
"menu.hinkali.hinkali-cu-carne-de-miel.desc","С ягнёнком","Cu carne de miel","With lamb"
"menu.hinkali.hinkali-cu-carne-de-miel.variant.0","Отварные","Fierte","Boiled"
"menu.hinkali.hinkali-cu-carne-de-miel.variant.1","Жареные","La tigaie","Pan-fried"
"menu.hinkali.hinkali-cu-cascaval.name","Hinkali с сыром","Hinkali cu cașcaval","Khinkali with cheese"
"menu.hinkali.hinkali-cu-cascaval.desc","С сыром","Cu cașcaval","With cheese"
"menu.hinkali.hinkali-cu-cascaval.variant.0","Отварные","Fierte","Boiled"
"menu.hinkali.hinkali-cu-cascaval.variant.1","Жареные","La tigaie","Pan-fried"
"menu.khachapuri.title","Хачапури","Haceapuri","Khachapuri"
"menu.khachapuri.adjaruli.name","Adjaruli","Adjaruli","Adjaruli"
"menu.khachapuri.adjaruli.desc","Лодочка с сыром, яйцом и маслом","Luntre cu brânză, ou și unt","Boat with cheese, egg and butter"
"menu.khachapuri.adjaruli.alt","гигант 1700 г — 680","gigant 1700 g — 680","giant 1700 g — 680"
"menu.khachapuri.megruli.name","Megruli","Megruli","Megruli"
"menu.khachapuri.megruli.desc","Мегрули — с сыром сверху и внутри","Megruli — cu brânză deasupra și în interior","Megruli — cheese on top and inside"
"menu.khachapuri.megruli.alt","большой 750 г — 250","mare 750 g — 250","large 750 g — 250"
"menu.khachapuri.regal.name","Regal","Regal","Regal"
"menu.khachapuri.regal.desc","Королевское: двойная порция сыра","Regal: porție dublă de brânză","Royal: a double portion of cheese"
"menu.khachapuri.kubdari.name","Kubdari","Kubdari","Kubdari"
"menu.khachapuri.kubdari.desc","Кубдари — сванский, с мясом","Kubdari — din Svaneti, cu carne","Kubdari — Svanetian, with meat"
"menu.khachapuri.imeruli.name","Imeruli","Imeruli","Imeruli"
"menu.khachapuri.imeruli.desc","Имерули — классический круглый","Imeruli — clasic, rotund","Imeruli — the round classic"
"menu.khachapuri.adjaruli-cu-ceashushuli.name","Adjaruli с Ceashushuli","Adjaruli cu ceashushuli","Adjaruli with Chashushuli"
"menu.khachapuri.adjaruli-cu-ceashushuli.desc","Лодочка с чашушули из телятины или ягнёнка","Luntre cu ceashushuli de vițel sau miel","Boat filled with veal or lamb chashushuli"
"menu.khachapuri.phlovani.name","Phlovani","Phlovani","Phlovani"
"menu.khachapuri.phlovani.desc","Пховани — со шпинатом и сыром","Phlovani — cu spanac și brânză","Phlovani — with spinach and cheese"
"menu.khachapuri.penovani.name","Penovani","Penovani","Penovani"
"menu.khachapuri.penovani.desc","Пеновани — слоёный","Penovani — din foietaj","Penovani — flaky puff pastry"
"menu.mangal.title","Мангал","Mangal","Charcoal grill"
"menu.mangal.mtsvadi.name","Mtsvadi","Mtsvadi","Mtsvadi"
"menu.mangal.mtsvadi.desc","Шашлык на живых углях","Frigărui pe cărbuni încinși","Skewers over live coals"
"menu.mangal.mtsvadi.variant.0","Курица","Pui","Chicken"
"menu.mangal.mtsvadi.variant.1","Свинина","Porc","Pork"
"menu.mangal.mtsvadi.variant.2","Телятина","Vițel","Veal"
"menu.mangal.mtsvadi.variant.3","Ягнёнок","Miel","Lamb"
"menu.mangal.liulea-kebab.name","Liulea-kebab","Liulea-kebab","Liulea-kebab"
"menu.mangal.liulea-kebab.desc","Рубленое мясо с травами, на шампуре","Carne tocată cu ierburi, la frigăruie","Minced meat with herbs, on a skewer"
"menu.mangal.liulea-kebab.variant.0","Курица · 250 г","Pui · 250 g","Chicken · 250 g"
"menu.mangal.liulea-kebab.variant.1","Ягнёнок · 250 г","Miel · 250 g","Lamb · 250 g"
"menu.mangal.liulea-kebab.variant.2","Свинина-телятина · 250 г","Porc-vițel · 250 g","Pork-veal · 250 g"
"menu.mangal.liulea-kebab.variant.3","Свинина-телятина с сыром · 250 г","Porc-vițel cu cașcaval · 250 g","Pork-veal with cheese · 250 g"
"menu.mangal.liulea-kebab.variant.4","Курица с сыром · 300 г","Pui cu cașcaval · 300 g","Chicken with cheese · 300 g"
"menu.mangal.liulea-kebab.variant.5","By Chef · 400 г","By Chef · 400 g","By Chef · 400 g"
"menu.fish.title","Рыба на гриле","Pește la grătar","Grilled fish"
"menu.fish.steak-sturion.name","Стейк из осетра","Steak Sturion","Sturgeon steak"
"menu.fish.steak-sturion.desc","Стейк из осетра","Steak de sturion","Sturgeon steak"
"menu.fish.dorada.name","Dorada","Dorada","Dorada"
"menu.fish.dorada.desc","Дорада","Doradă","Sea bream"
"menu.fish.steak-somon.name","Стейк из лосося","Steak Somon","Salmon steak"
"menu.fish.steak-somon.desc","Стейк из сёмги","Steak de somon","Salmon steak"
"menu.fish.pastrav.name","Форель","Păstrăv","Trout"
"menu.fish.pastrav.desc","Форель","Păstrăv","Trout"
"menu.grill-special.title","Особые блюда на гриле","Specialități la grătar","Grill specialties"
"menu.grill-special.costite-de-miel.name","Рёбрышки ягнёнка","Costițe de miel","Lamb ribs"
"menu.grill-special.costite-de-miel.desc","Каре ягнёнка","Cotlete de miel","Rack of lamb"
"menu.grill-special.pui-la-gratar-cu-legume.name","Курица на гриле с овощами","Pui la grătar cu legume","Grilled chicken with vegetables"
"menu.grill-special.pui-la-gratar-cu-legume.desc","Целый цыплёнок с овощами гриль","Pui întreg cu legume la grătar","Whole chicken with grilled vegetables"
"menu.grill-special.costite-de-porc.name","Свиные рёбрышки","Costițe de porc","Pork ribs"
"menu.grill-special.costite-de-porc.desc","Свиные рёбрышки с хрустящей корочкой","Costițe de porc cu crustă crocantă","Crispy pork ribs"
"menu.grill-special.abhazura.name","Abhazura","Abhazura","Abhazura"
"menu.grill-special.abhazura.desc","Абхазура — пикантные мясные шарики в жировой сетке","Abhazura — chiftele picante în prapure","Abkhazura — spicy meatballs in caul fat"
"menu.mains.title","Горячие блюда","Feluri principale","Main courses"
"menu.mains.chakapuli.name","Chakapuli","Chakapuli","Chakapuli"
"menu.mains.chakapuli.desc","Ягнёнок с тархуном и ткемали","Miel cu tarhon și tkemali","Lamb with tarragon and tkemali"
"menu.mains.odjahuri.name","Odjahuri","Odjahuri","Odjahuri"
"menu.mains.odjahuri.desc","Оджахури — жаркое «по-домашнему»","Odjahuri — mâncare „ca acasă”","Ojakhuri — a homestyle roast"
"menu.mains.odjahuri.variant.0","Свинина","Porc","Pork"
"menu.mains.odjahuri.variant.1","Телятина","Vițel","Veal"
"menu.mains.odjahuri.variant.2","Ягнёнок","Miel","Lamb"
"menu.mains.odjahuri.variant.3","Грибы","Ciuperci","Mushrooms"
"menu.mains.ceashushuli.name","Ceashushuli","Ceashushuli","Ceashushuli"
"menu.mains.ceashushuli.desc","Чашушули — острое томлёное мясо","Ceashushuli — carne înăbușită picantă","Chashushuli — spicy stewed meat"
"menu.mains.ceashushuli.variant.0","Телятина","Vițel","Veal"
"menu.mains.ceashushuli.variant.1","Ягнёнок","Miel","Lamb"
"menu.mains.chakhokhbili.name","Chakhokhbili","Chakhokhbili","Chakhokhbili"
"menu.mains.chakhokhbili.desc","Чахохбили — курица в томатах с зеленью","Chakhokhbili — pui în roșii cu verdeață","Chakhokhbili — chicken in tomatoes with herbs"
"menu.mains.tvini.name","Tvini","Tvini","Tvini"
"menu.mains.tvini.desc","Твини — мозги, томлённые в масле","Tvini — creier gătit în unt","Tvini — brains simmered in butter"
"menu.garnish.title","Гарниры","Garnituri","Side dishes"
"menu.garnish.legume-la-gratar.name","Овощи на гриле","Legume la grătar","Grilled vegetables"
"menu.garnish.legume-la-gratar.desc","Сезонные овощи на открытом огне","Legume de sezon la foc deschis","Seasonal vegetables over an open flame"
"menu.garnish.gomi.name","Gomi","Gomi","Gomi"
"menu.garnish.gomi.desc","Гоми — кукурузная каша, символ гостеприимства","Gomi — terci de porumb, simbol al ospitalității","Gomi — cornmeal porridge, a symbol of hospitality"
"menu.garnish.felii-de-cartofi-cu-usturoi.name","Картофель дольками с чесноком","Felii de cartofi cu usturoi","Garlic potato wedges"
"menu.garnish.felii-de-cartofi-cu-usturoi.desc","Дольки картофеля с чесноком и зеленью","Felii de cartofi cu usturoi și verdeață","Potato wedges with garlic and herbs"
"menu.garnish.cartofi-pai.name","Картофель фри","Cartofi pai","French fries"
"menu.garnish.cartofi-pai.desc","Картофель пай","Cartofi pai","Shoestring fries"
"menu.bread.title","Хлеб и соусы","Pâine și sosuri","Bread and sauces"
"menu.bread.note","Все соусы — 50 г · 25 лей: аджика, сацебели, мацони, ткемали, сметана/кетчуп.","Toate sosurile — 50 g · 25 lei: adjika, satsebeli, matsoni, tkemali, smântână/ketchup.","All sauces — 50 g · 25 lei: adjika, satsebeli, matsoni, tkemali, sour cream/ketchup."
"menu.bread.0.name","Șoti","Șoti","Șoti"
"menu.bread.0.desc","Шоти — хлеб со стен глиняной печи (тандыр)","Șoti — pâine coaptă pe pereții cuptorului de lut","Shoti — bread baked on the walls of a clay oven"
"menu.bread.1.name","Lavaș","Lavaș","Lavaș"
"menu.bread.1.desc","Тонкий лаваш для шашлыка","Lipie subțire pentru frigărui","Thin flatbread for grilled meat"
"menu.bread.2.name","Adjika · Satsebeli · Matsoni · Tkemali","Adjika · Satsebeli · Matsoni · Tkemali","Adjika · Satsebeli · Matsoni · Tkemali"
"menu.bread.2.desc","Домашние соусы к мясу и хлебу","Sosuri de casă pentru carne și pâine","Homemade sauces for meat and bread"
"menu.desserts.title","Десерты","Deserturi","Desserts"
"menu.desserts.napoleon.name","Napoleon","Napoleon","Napoleon"
"menu.desserts.napoleon.desc","Многослойный, с нежным ванильным кремом","Multe straturi, cu cremă fină de vanilie","Many layers with delicate vanilla cream"
"menu.desserts.karakum.name","Karakum","Karakum","Karakum"
"menu.desserts.karakum.desc","Каракум — шоколад, орехи, вкус детства","Karakum — ciocolată, nuci, gustul copilăriei","Karakum — chocolate, nuts, the taste of childhood"
"menu.desserts.2.name","Маковый рулет","Coptură cu mac","Poppy seed roll"
"menu.desserts.2.desc","Домашняя выпечка с маковой начинкой","Prăjitură de casă cu mac","Homemade poppy-seed cake"
"menu.desserts.3.name","Înghețată","Înghețată","Înghețată"
"menu.desserts.3.desc","Крафтовое мороженое, сорта в ассортименте","Înghețată artizanală, sortimente diverse","Craft ice cream, assorted flavours"
"menu.desserts.4.name","Matzoni","Matzoni","Matzoni"
"menu.desserts.4.desc","Мацони с мёдом и грецким орехом","Matsoni cu miere și nuci","Matsoni with honey and walnuts"
"bar.bar-tea.title","Чай","Ceai","Tea"
"bar.bar-tea.note","Авторские чаи — тепло и природные ароматы в каждой чашке.","Ceaiuri de autor — căldură și arome naturale în fiecare cană.","House teas — warmth and natural aromas in every cup."
"bar.bar-tea.0.name","Gamarjoba Tea","Gamarjoba Tea","Gamarjoba Tea"
"bar.bar-tea.0.desc","Секретный сбор горных трав и цветов Сванетии, собранных вручную","Amestec secret de ierburi și flori de munte din Svaneti, culese manual","A secret blend of hand-picked Svaneti mountain herbs and flowers"
"bar.bar-tea.1.name","Fresh Berries Tea","Fresh Berries Tea","Fresh Berries Tea"
"bar.bar-tea.1.desc","Витаминный взрыв сочных лесных ягод, кисло-сладкий","Explozie vitaminizantă de fructe de pădure, dulce-acrișor","A vitamin burst of forest berries, sweet and tart"
"bar.bar-tea.2.name","Каркаде с гранатом","Hibiscus cu rodie","Hibiscus with pomegranate"
"bar.bar-tea.2.desc","Каркаде с гранатом — освежающий, с лёгкой кислинкой","Hibiscus cu rodie — răcoritor, ușor acrișor","Hibiscus with pomegranate — refreshing, lightly tart"
"bar.bar-tea.3.name","Winter Tea","Winter Tea","Winter Tea"
"bar.bar-tea.3.desc","«Оранжевое золото» зимы: облепиха с пряными специями","„Aurul portocaliu” al iernii: cătină cu mirodenii","Winter's “orange gold”: sea buckthorn with warm spices"
"bar.bar-tea.4.name","Чёрный чай Althaus","Ceai negru Althaus","Althaus black tea"
"bar.bar-tea.4.desc","Чёрный: Assam · Earl Grey · Mountain Herbs","Negru: Assam · Earl Grey · Mountain Herbs","Black: Assam · Earl Grey · Mountain Herbs"
"bar.bar-tea.5.name","Зелёный чай Althaus","Ceai verde Althaus","Althaus green tea"
"bar.bar-tea.5.desc","Зелёный: Sencha Senpai · Jasmin Ting Yuan · Milk Oolong","Verde: Sencha Senpai · Jasmin Ting Yuan · Milk Oolong","Green: Sencha Senpai · Jasmin Ting Yuan · Milk Oolong"
"bar.bar-tea.6.name","Травяной чай","Ceai din plante","Herbal tea"
"bar.bar-tea.6.desc","Травяной: Rooibos Vanilla, без кофеина","Din plante: Rooibos Vanilla, fără cofeină","Herbal: Rooibos Vanilla, caffeine-free"
"bar.bar-coffee.title","Кофе","Cafea","Coffee"
"bar.bar-coffee.note","Свежеобжаренное зерно. Растительное молоко (миндаль/кокос) — +15 лей.","Cafea proaspăt prăjită. Lapte vegetal (migdale/cocos) — +15 lei.","Freshly roasted beans. Plant milk (almond/coconut) — +15 lei."
"bar.bar-coffee.0.name","Espresso","Espresso","Espresso"
"bar.bar-coffee.1.name","Doppio","Doppio","Doppio"
"bar.bar-coffee.2.name","Americano","Americano","Americano"
"bar.bar-coffee.3.name","Cappuccino","Cappuccino","Cappuccino"
"bar.bar-coffee.4.name","Latte","Latte","Latte"
"bar.bar-coffee.5.name","Какао с маршмеллоу","Cacao cu Marshmallow","Cocoa with marshmallow"
"bar.bar-coffee.5.desc","Тёплый сливочный напиток с воздушным маршмэллоу","Băutură caldă și cremoasă cu bezele pufoase","A warm creamy drink with fluffy marshmallows"
"bar.bar-coffee.6.name","Ice Cappuccino","Ice Cappuccino","Ice Cappuccino"
"bar.bar-coffee.6.desc","Классика капучино со льдом","Gustul clasic de cappuccino, cu gheață","Classic cappuccino over ice"
"bar.bar-coffee.7.name","Ice Bumblebee","Ice Bumblebee","Ice Bumblebee"
"bar.bar-coffee.7.desc","Многослойный микс эспрессо, апельсинового фреша и карамели","Mix stratificat de espresso, fresh de portocale și caramel","A layered mix of espresso, fresh orange and caramel"
"bar.bar-coffee.8.name","Espresso Tonic","Espresso Tonic","Espresso Tonic"
"bar.bar-coffee.8.desc","Крепкий эспрессо и игристый тоник","Espresso intens și tonic acidulat","Bold espresso and sparkling tonic"
"bar.bar-chacha.title","Чача","Chacha","Chacha"
"bar.bar-chacha.0.name","Chacha Collection","Chacha Collection","Chacha Collection"
"bar.bar-chacha.0.desc","Домашняя чача — рюмка 50 мл или бутылка 0,5 л","Chacha de casă — păhărel 50 ml sau sticlă 0,5 l","House chacha — a 50 ml shot or a 0.5 l bottle"
"bar.bar-chacha.0.variant.0","Muscat · 50 ml","Muscat · 50 ml","Muscat · 50 ml"
"bar.bar-chacha.0.variant.1","Muscat · 0,5 l","Muscat · 0,5 l","Muscat · 0,5 l"
"bar.bar-chacha.0.variant.2","Слива · 50 ml","Prune · 50 ml","Plum · 50 ml"
"bar.bar-chacha.0.variant.3","Слива · 0,5 l","Prune · 0,5 l","Plum · 0,5 l"
"bar.bar-chacha.0.variant.4","Черешня · 50 ml","Cireșe · 50 ml","Cherry · 50 ml"
"bar.bar-chacha.0.variant.5","Черешня · 0,5 l","Cireșe · 0,5 l","Cherry · 0,5 l"
"bar.bar-chacha.0.variant.6","Перец · 50 ml","Piper · 50 ml","Pepper · 50 ml"
"bar.bar-chacha.0.variant.7","Перец · 0,5 l","Piper · 0,5 l","Pepper · 0,5 l"
"bar.bar-chacha.0.variant.8","Айва · 50 ml","Gutuie · 50 ml","Quince · 50 ml"
"bar.bar-chacha.0.variant.9","Айва · 0,5 l","Gutuie · 0,5 l","Quince · 0,5 l"
"bar.bar-chacha.1.name","Сет чачи","Chacha Set","Chacha set"
"bar.bar-chacha.1.desc","Дегустационный сет — 5 рюмок","Set de degustare — 5 păhărele","Tasting set — 5 shots"
"bar.bar-wine.title","Вино","Vin","Wine"
"bar.bar-wine.note","Домашний купаж создан эксклюзивно для Gamarjoba. Вина Грузии — бутылка 750 мл.","Cupajul casei e creat exclusiv pentru Gamarjoba. Vinuri georgiene — sticlă 750 ml.","The house blend is made exclusively for Gamarjoba. Georgian wines — 750 ml bottle."
"bar.bar-wine.0.name","Vinul Casei","Vinul Casei","Vinul Casei"
"bar.bar-wine.0.desc","Фирменное вино: бокал 150 мл или графин 1 л","Vinul casei: pahar 150 ml sau carafă 1 l","House wine: a 150 ml glass or a 1 l carafe"
"bar.bar-wine.0.variant.0","Rkatsiteli (белое сухое) · бокал","Rkatsiteli (alb sec) · pahar","Rkatsiteli (dry white) · glass"
"bar.bar-wine.0.variant.1","Rkatsiteli · графин 1 л","Rkatsiteli · carafă 1 l","Rkatsiteli · 1 l carafe"
"bar.bar-wine.0.variant.2","Pirosmani (розе сухое) · бокал","Pirosmani (rose sec) · pahar","Pirosmani (dry rosé) · glass"
"bar.bar-wine.0.variant.3","Pirosmani · графин 1 л","Pirosmani · carafă 1 l","Pirosmani · 1 l carafe"
"bar.bar-wine.0.variant.4","Saperavi (красное сухое) · бокал","Saperavi (roșu sec) · pahar","Saperavi (dry red) · glass"
"bar.bar-wine.0.variant.5","Saperavi · графин 1 л","Saperavi · carafă 1 l","Saperavi · 1 l carafe"
"bar.bar-wine.0.variant.6","Kindzmarauli (красное полусухое) · бокал","Kindzmarauli (roșu demisec) · pahar","Kindzmarauli (semi-dry red) · glass"
"bar.bar-wine.0.variant.7","Kindzmarauli · графин 1 л","Kindzmarauli · carafă 1 l","Kindzmarauli · 1 l carafe"
"bar.bar-wine.1.name","Белые вина Грузии","Vinuri albe georgiene","Georgian white wines"
"bar.bar-wine.1.desc","Alb / White · 750 мл","Alb / White · 750 ml","White · 750 ml"
"bar.bar-wine.1.variant.0","Kakhuri Mtsvane (сухое)","Kakhuri Mtsvane (sec)","Kakhuri Mtsvane (dry)"
"bar.bar-wine.1.variant.1","Tsinandali (сухое)","Tsinandali (sec)","Tsinandali (dry)"
"bar.bar-wine.1.variant.2","Tbilisuri (полусухое)","Tbilisuri (demisec)","Tbilisuri (semi-dry)"
"bar.bar-wine.1.variant.3","Mtsvane (сухое)","Mtsvane (sec)","Mtsvane (dry)"
"bar.bar-wine.1.variant.4","Tvishi (полусладкое)","Tvishi (demidulce)","Tvishi (semi-sweet)"
"bar.bar-wine.2.name","Saperavi Rose","Saperavi Rose","Saperavi Rose"
"bar.bar-wine.2.desc","Розе сухое · 750 мл","Rose sec · 750 ml","Dry rosé · 750 ml"
"bar.bar-wine.3.name","Красные вина Грузии","Vinuri roșii georgiene","Georgian red wines"
"bar.bar-wine.3.desc","Roșu / Red · 750 мл","Roșu / Red · 750 ml","Red · 750 ml"
"bar.bar-wine.3.variant.0","Saperavi (сухое)","Saperavi (sec)","Saperavi (dry)"
"bar.bar-wine.3.variant.1","Kvareli (сухое)","Kvareli (sec)","Kvareli (dry)"
"bar.bar-wine.3.variant.2","Kindzmarauli (полусладкое)","Kindzmarauli (demidulce)","Kindzmarauli (semi-sweet)"
"bar.bar-wine.3.variant.3","Mukuzani (сухое)","Mukuzani (sec)","Mukuzani (dry)"
"bar.bar-wine.3.variant.4","Khvanchkara (полусладкое)","Khvanchkara (demidulce)","Khvanchkara (semi-sweet)"
"bar.bar-cocktails.title","Коктейли и игристое","Cocktailuri și spumante","Cocktails and sparkling"
"bar.bar-cocktails.0.name","Chacha Basil Sour","Chacha Basil Sour","Chacha Basil Sour"
"bar.bar-cocktails.0.desc","Крепость чачи и свежесть базилика с бархатистой текстурой","Tăria chachei și prospețimea busuiocului, cu textură catifelată","The strength of chacha and freshness of basil, velvety smooth"
"bar.bar-cocktails.1.name","Kindzmarauli Spritz","Kindzmarauli Spritz","Kindzmarauli Spritz"
"bar.bar-cocktails.1.desc","Грузинский ответ классике: киндзмараули, апельсин, пузырьки","Răspunsul georgian la clasic: Kindzmarauli, portocală, bule","Georgia's answer to the classic: Kindzmarauli, orange, bubbles"
"bar.bar-cocktails.2.name","Tbilisi Sangria","Tbilisi Sangria","Tbilisi Sangria"
"bar.bar-cocktails.2.desc","Свежие фрукты и выдержанное красное вино","Fructe proaspete și vin roșu maturat","Fresh fruit and aged red wine"
"bar.bar-cocktails.3.name","Suliko Martini","Suliko Martini","Suliko Martini"
"bar.bar-cocktails.3.desc","Экзотический микс чачи и гранатового ликёра","Mix exotic de chacha și lichior de rodie","An exotic mix of chacha and pomegranate liqueur"
"bar.bar-cocktails.4.name","Игристые вина","Vinuri spumante","Sparkling wines"
"bar.bar-cocktails.4.desc","750 мл","750 ml","750 ml"
"bar.bar-cocktails.4.variant.0","Cricova Crisecco (brut)","Cricova Crisecco (brut)","Cricova Crisecco (brut)"
"bar.bar-cocktails.4.variant.1","Cricova Lacrima Dulce","Cricova Lacrima Dulce","Cricova Lacrima Dulce"
"bar.bar-cocktails.4.variant.2","Serena 1881 Prosecco DOC Treviso","Serena 1881 Prosecco DOC Treviso","Serena 1881 Prosecco DOC Treviso"
"bar.bar-cocktails.4.variant.3","Asti Serena 1881 D.O.C.G.","Asti Serena 1881 D.O.C.G.","Asti Serena 1881 D.O.C.G."
"bar.bar-cocktails.4.variant.4","Cricova Blanc de Noirs","Cricova Blanc de Noirs","Cricova Blanc de Noirs"
"bar.bar-strong.title","Крепкие напитки","Băuturi tari","Strong drinks"
"bar.bar-strong.0.name","Водка","Vodcă","Vodka"
"bar.bar-strong.0.variant.0","Hortitsa Platinum","Hortitsa Platinum","Hortitsa Platinum"
"bar.bar-strong.0.variant.1","Absolut","Absolut","Absolut"
"bar.bar-strong.0.variant.2","Grey Goose","Grey Goose","Grey Goose"
"bar.bar-strong.1.name","Виски","Whiskey","Whiskey"
"bar.bar-strong.1.variant.0","Jameson","Jameson","Jameson"
"bar.bar-strong.1.variant.1","Jack Daniel's","Jack Daniel's","Jack Daniel's"
"bar.bar-strong.1.variant.2","Jack Daniel's Honey","Jack Daniel's Honey","Jack Daniel's Honey"
"bar.bar-strong.1.variant.3","Chivas 12 years old","Chivas 12 years old","Chivas 12 years old"
"bar.bar-strong.2.name","Ром · Текила · Джин","Rom · Tequila · Gin","Rum · Tequila · Gin"
"bar.bar-strong.2.variant.0","Captain Morgan Spiced Gold/Dark","Captain Morgan Spiced Gold/Dark","Captain Morgan Spiced Gold/Dark"
"bar.bar-strong.2.variant.1","Jose Cuervo Silver/Reposado","Jose Cuervo Silver/Reposado","Jose Cuervo Silver/Reposado"
"bar.bar-strong.2.variant.2","Gordon's London Dry Gin","Gordon's London Dry Gin","Gordon's London Dry Gin"
"bar.bar-strong.3.name","Коньяк и дивин","Cognac & Divin","Cognac & Divin"
"bar.bar-strong.3.variant.0","Cricova 5 лет","Cricova 5 ani","Cricova 5 years"
"bar.bar-strong.3.variant.1","Cricova 7 лет","Cricova 7 ani","Cricova 7 years"
"bar.bar-strong.3.variant.2","Bucuria 10 лет","Bucuria 10 ani","Bucuria 10 years"
"bar.bar-strong.3.variant.3","Hennessy VS","Hennessy VS","Hennessy VS"
"bar.bar-strong.4.name","Jagermeister","Jagermeister","Jagermeister"
"bar.bar-strong.4.desc","Дижестив","Digestiv","Digestif"
"bar.bar-beer.title","Пиво","Bere","Beer"
"bar.bar-beer.0.name","Gamarjoba Beer","Gamarjoba Beer","Gamarjoba Beer"
"bar.bar-beer.0.desc","Рекомендация дома: лагер с сиропом из граната","Recomandarea casei: bere lager cu sirop de rodie","The house special: lager with pomegranate syrup"
"bar.bar-beer.0.variant.0","330 ml","330 ml","330 ml"
"bar.bar-beer.0.variant.1","500 ml","500 ml","500 ml"
"bar.bar-beer.1.name","Разливное","La halbă (draft)","On draft"
"bar.bar-beer.1.variant.0","Efes Pilsener Lager · 500 ml","Efes Pilsener Lager · 500 ml","Efes Pilsener Lager · 500 ml"
"bar.bar-beer.1.variant.1","Hofbrau Original/Weisse · 330 ml","Hofbrau Original/Weisse · 330 ml","Hofbrau Original/Weisse · 330 ml"
"bar.bar-beer.1.variant.2","Hofbrau Original/Weisse · 500 ml","Hofbrau Original/Weisse · 500 ml","Hofbrau Original/Weisse · 500 ml"
"bar.bar-beer.1.variant.3","Hoegaarden · 330 ml","Hoegaarden · 330 ml","Hoegaarden · 330 ml"
"bar.bar-beer.1.variant.4","Hoegaarden · 500 ml","Hoegaarden · 500 ml","Hoegaarden · 500 ml"
"bar.bar-beer.1.variant.5","Franziskaner Weissbier · 330 ml","Franziskaner Weissbier · 330 ml","Franziskaner Weissbier · 330 ml"
"bar.bar-beer.1.variant.6","Franziskaner Weissbier · 500 ml","Franziskaner Weissbier · 500 ml","Franziskaner Weissbier · 500 ml"
"bar.bar-beer.2.name","Бутылочное","La sticlă","Bottled"
"bar.bar-beer.2.variant.0","Corona Extra / N/A · 330 ml","Corona Extra / N/A · 330 ml","Corona Extra / N/A · 330 ml"
"bar.bar-beer.2.variant.1","Leffe Blonde / Brune · 330 ml","Leffe Blonde / Brune · 330 ml","Leffe Blonde / Brune · 330 ml"
"bar.bar-beer.2.variant.2","Hofbrau Original / Weisse · 500 ml","Hofbrau Original / Weisse · 500 ml","Hofbrau Original / Weisse · 500 ml"
"bar.bar-soft.title","Лимонады и безалкогольное","Limonadă și băuturi soft","Lemonades and soft drinks"
"bar.bar-soft.0.name","Limonadă Georgiană","Limonadă Georgiană","Limonadă Georgiană"
"bar.bar-soft.0.desc","Домашние лимонады — натуральная свежесть","Limonade de casă — prospețime naturală","Homemade lemonades — natural freshness"
"bar.bar-soft.0.variant.0","Kiwi Basil — киви и базилик","Kiwi Basil — kiwi și busuioc","Kiwi Basil — kiwi and basil"
"bar.bar-soft.0.variant.1","Ruby Georgia — гранат и лесные ягоды","Ruby Georgia — rodie și fructe de pădure","Ruby Georgia — pomegranate and forest berries"
"bar.bar-soft.0.variant.2","Pear Flower — груша и цветы бузины","Pear Flower — pară și flori de soc","Pear Flower — pear and elderflower"
"bar.bar-soft.1.name","Zedazeni","Zedazeni","Zedazeni"
"bar.bar-soft.1.desc","Грузинский лимонад: тархун, груша, крем-сода, лимон, фейхоа, саперави","Limonadă georgiană: tarhon, pere, crem-soda, lămâie, feijoa, saperavi","Georgian lemonade: tarragon, pear, cream soda, lemon, feijoa, saperavi"
"bar.bar-soft.2.name","Compot","Compot","Compot"
"bar.bar-soft.2.desc","Домашний компот из отборных фруктов","Compot de casă din fructe alese","Homemade fruit compote"
"bar.bar-soft.3.name","Mors","Mors","Mors"
"bar.bar-soft.3.desc","Морс из лесных ягод","Mors din fructe de pădure","Forest berry mors"
"bar.bar-soft.4.name","Fresh","Fresh","Fresh"
"bar.bar-soft.4.desc","Свежевыжатые соки","Sucuri proaspăt stoarse","Freshly squeezed juices"
"bar.bar-soft.4.variant.0","Апельсин / Грейпфрут · 250 мл","Portocale / Grapefruit · 250 ml","Orange / Grapefruit · 250 ml"
"bar.bar-soft.4.variant.1","Гранат · 250 мл","Rodie · 250 ml","Pomegranate · 250 ml"
"bar.bar-soft.5.name","Borjomi","Borjomi","Borjomi"
"bar.bar-soft.5.desc","Легендарная грузинская минеральная вода","Legendara apă minerală georgiană","The legendary Georgian mineral water"
"bar.bar-soft.6.name","SNO / KOBI","SNO / KOBI","SNO / KOBI"
"bar.bar-soft.6.desc","Грузинская вода — плоская и минеральная","Apă georgiană — plată și minerală","Georgian water — still and mineral"
"bar.bar-soft.6.variant.0","SNO · 500 ml","SNO · 500 ml","SNO · 500 ml"
"bar.bar-soft.6.variant.1","SNO · 1 l","SNO · 1 l","SNO · 1 l"
"bar.bar-soft.6.variant.2","KOBI минеральная · 500 мл","KOBI minerală · 500 ml","KOBI mineral · 500 ml"
"bar.bar-soft.7.name","Софт-напитки","Băuturi răcoritoare","Soft drinks"
"bar.bar-soft.7.variant.0","Jaffa (апельсин/мультифрукт/томат/яблоко) · 250 мл","Jaffa (portocale/multifruct/roșii/mere) · 250 ml","Jaffa (orange/multifruit/tomato/apple) · 250 ml"
"bar.bar-soft.7.variant.1","Pepsi / 7UP / Mirinda · 250 ml","Pepsi / 7UP / Mirinda · 250 ml","Pepsi / 7UP / Mirinda · 250 ml"
"bar.bar-soft.7.variant.2","Evervess Tonic · 250 ml","Evervess Tonic · 250 ml","Evervess Tonic · 250 ml"
"bar.bar-soft.7.variant.3","Morshynska · 330 ml","Morshynska · 330 ml","Morshynska · 330 ml"
"bar.bar-soft.7.variant.4","Morshynska · 750 ml","Morshynska · 750 ml","Morshynska · 750 ml"
"dish.adjaruli.tagline","Хачапури-лодочка с яйцом и маслом","Luntre khachapuri cu ou și unt","Boat-shaped khachapuri with egg and butter"
"dish.adjaruli.category","Хачапури","Khachapuri","Khachapuri"
"dish.adjaruli.description","Лодочка из тёплого теста, доверху наполненная расплавленным сыром, с яичным желтком и кусочком масла в сердце. Перед едой всё перемешивают прямо в лодочке — и едят, отламывая хрустящие борта. Символ Аджарии и, пожалуй, самое узнаваемое блюдо Грузии.","O luntre din aluat cald, plină cu brânză topită, cu gălbenuș de ou și o bucată de unt în mijloc. Înainte de a mânca, totul se amestecă direct în luntre — și se mănâncă rupând marginile crocante. Simbolul Adjariei și, probabil, cel mai recunoscut fel georgian.","A boat of warm dough filled to the brim with molten cheese, an egg yolk and a knob of butter at its heart. Stir it all together right in the boat, then eat by tearing off the crispy edges. The symbol of Adjara and arguably Georgia's most recognisable dish."
"dish.adjaruli.ritual","Смешайте желток, масло и сыр вилкой, пока хачапури горячий. Отламывайте края и макайте — руками, как дома.","Amestecați gălbenușul, untul și brânza cu furculița cât e fierbinte. Rupeți marginile și înmuiați — cu mâinile, ca acasă.","Mix the yolk, butter and cheese with a fork while it's hot. Tear off the edges and dip — with your hands, like at home."
"dish.mama-hinkali.tagline","Гигантский хинкали на всю компанию","Hinkali gigant pentru toată compania","A giant khinkali for the whole table"
"dish.mama-hinkali.category","Хинкали","Hinkali","Khinkali"
"dish.mama-hinkali.description","Гастрономическое шоу: внутри одного гигантского хинкали «Мама» спрятаны пять сочных маленьких хинкали. Его выносят на стол целиком, режут при гостях, и это всегда маленький спектакль. Блюдо-повод: заказывают на компанию, фотографируют, делят по-братски.","Un spectacol gastronomic: în interiorul gigantului „Mama” se ascund cinci hinkali mici și suculenți. Se aduce întreg la masă și se taie în fața oaspeților — mereu un mic spectacol. Se comandă pentru toată compania, se fotografiază, se împarte frățește.","A gastronomic show: hidden inside one giant “Mama” khinkali are five juicy little ones. It arrives whole and is carved at the table — always a little performance. A dish you order for the whole party, photograph, and share."
"dish.mama-hinkali.ritual","Хинкали держат за «хвостик», надкусывают сбоку и сначала выпивают бульон. Хвостик оставляют на тарелке — так считают, сколько съедено.","Hinkali se ține de „codiță”, se mușcă dintr-o parte și mai întâi se bea zeama. Codițele rămân pe farfurie — așa se numără câte ați mâncat.","Hold a khinkali by its “tail”, bite the side and drink the broth first. Leave the tails on the plate — that's how you count how many you've had."
"dish.mtsvadi.tagline","Телятина на живых углях","Vițel pe cărbuni încinși","Veal over live coals"
"dish.mtsvadi.category","Мангал","Mangal","Charcoal grill"
"dish.mtsvadi.description","Крупные куски телятины, обожжённые на углях до дымной корочки, — без маринадов-заглушек, только мясо, соль и огонь. Подаётся с луком и соусом сацебели. Мцвади — сердце грузинского застолья: пока он жарится, стол уже накрыт и тосты уже звучат.","Bucăți mari de vițel, rumenite pe cărbuni până la o crustă afumată — fără marinate care ascund gustul: doar carne, sare și foc. Se servește cu ceapă și sos satsebeli. Mtsvadi e inima mesei georgiene: cât se frige, masa e deja pusă și toasturile au început.","Large cuts of veal seared over coals to a smoky crust — no masking marinades, just meat, salt and fire. Served with onions and satsebeli sauce. Mtsvadi is the heart of a Georgian feast: while it grills, the table is set and the toasts have begun."
"dish.mtsvadi.ritual","Ешьте с тёплым шоти и сацебели. Лук с шампура — не гарнир, а обязательная часть.","Mâncați cu shoti cald și satsebeli. Ceapa de pe frigăruie nu e garnitură — e parte obligatorie.","Eat it with warm shoti bread and satsebeli. The onions from the skewer are not a side — they're essential."
"dish.shkmeruli.tagline","Цыплёнок в чесночно-сливочном соусе","Pui în sos cremos de usturoi","Chicken in creamy garlic sauce"
"dish.shkmeruli.category","Горячие закуски","Gustări calde","Hot starters"
"dish.shkmeruli.description","Румяный цыплёнок, утопленный в кипящем молочно-чесночном соусе, — подаётся в глиняной сковороде кеци, ещё шипящим. Блюдо из горного села Шкмери: простое по составу и оглушительное по вкусу. Соус собирают хлебом до последней капли.","Pui rumen, scufundat în sos fierbinte de lapte și usturoi — servit în tigaia de lut ketsi, încă sfârâind. Un fel din satul de munte Shkmeri: simplu la compoziție, copleșitor la gust. Sosul se adună cu pâine până la ultima picătură.","Golden chicken drowned in a bubbling milk-and-garlic sauce, served still sizzling in a ketsi clay pan. A dish from the mountain village of Shkmeri: simple in its parts, overwhelming in flavour. You mop up the sauce with bread to the last drop."
"dish.shkmeruli.ritual","Не спешите: дайте соусу минуту настояться, потом макайте шоти. Хлеба понадобится больше, чем вы думаете.","Nu vă grăbiți: lăsați sosul un minut, apoi înmuiați shoti. Va fi nevoie de mai multă pâine decât credeți.","Don't rush: let the sauce settle for a minute, then dip your shoti. You'll need more bread than you think."
"dish.badrijani.tagline","Рулетики из баклажана с ореховой пастой","Rulouri de vinete cu pastă de nuci","Aubergine rolls with walnut paste"
"dish.badrijani.category","Закуски","Gustări","Starters"
"dish.badrijani.description","Тонкие ломтики жареного баклажана, свёрнутые вокруг пасты из грецкого ореха с чесноком и специями, украшенные зёрнами граната. Холодная закуска, с которой начинается почти каждое грузинское застолье, — и по которой узнают хорошую кухню.","Felii subțiri de vinete prăjite, rulate în jurul unei paste de nuci cu usturoi și mirodenii, presărate cu boabe de rodie. Gustarea rece cu care începe aproape orice masă georgiană — și după care se recunoaște o bucătărie bună.","Thin slices of fried aubergine rolled around a paste of walnuts, garlic and spices, studded with pomegranate seeds. The cold starter that opens nearly every Georgian feast — and the one by which a good kitchen is judged."
"dish.badrijani.ritual","Это первая тарелка на столе супры. Ешьте вилкой в один укус — орех, баклажан и гранат должны встретиться вместе.","E prima farfurie pe masa supra. Mâncați cu furculița, dintr-o mușcătură — nuca, vânăta și rodia trebuie să se întâlnească.","It's the first plate on the supra table. Eat it in one bite — the walnut, aubergine and pomegranate should meet together."
"dish.chakapuli.tagline","Ягнёнок, тушённый с тархуном и ткемали","Miel înăbușit cu tarhon și tkemali","Lamb stewed with tarragon and tkemali"
"dish.chakapuli.category","Горячие блюда","Feluri principale","Main courses"
"dish.chakapuli.description","Молодой ягнёнок, томлённый в белом вине с целыми охапками тархуна, кинзы и зелёной алычи ткемали. Весеннее блюдо Кахетии — кислое, травяное, ни на что не похожее. Его едят ложкой, вылавливая мясо из ароматного зелёного бульона.","Miel tânăr, gătit încet în vin alb cu brațe întregi de tarhon, coriandru și corcodușe verzi tkemali. Felul de primăvară al Kahetiei — acrișor, ierbos, fără seamăn. Se mănâncă cu lingura, pescuind carnea din zeama verde aromată.","Young lamb slow-cooked in white wine with whole armfuls of tarragon, coriander and green tkemali plums. Kakheti's springtime dish — tart, herbal, like nothing else. Eat it with a spoon, fishing the meat out of the fragrant green broth."
"dish.chakapuli.ritual","К чакапули положено белое вино и никакой спешки. Бульон — половина удовольствия, оставьте для него ложку.","La chakapuli se cuvine vin alb și deloc grabă. Zeama e jumătate din plăcere — păstrați o lingură pentru ea.","Chakapuli calls for white wine and no hurry. The broth is half the pleasure — save a spoon for it."
"full.menu.chef:Shurpa","Традиционный грузинский суп из мяса козленка, славящийся своим насыщенным и восстанавливающим вкусом.","Supă georgiană tradițională cu carne de capră, recunoscută pentru gustul său bogat și revigorant.","Traditional Georgian soup with goat meat, known for its rich and restorative flavor."
"full.menu.chef:Adjaruli","Знаменитая аджарская лодочка с тягучим сыром и яйцом. Легендарный вкус Грузии.","Celebra luntre din Adjaria cu brânză topită și ou. Gustul autentic al Georgiei.","The famous Adjarian boat with melted cheese and egg. The legendary taste of Georgia."
"full.menu.chef:Badrijani","Рулетики из баклажанов с ореховой пастой, грузинскими специями и зернами граната.","Rulouri de vinete prăjite cu pastă bogată de nuci, condimente georgiene și rodie.","Fried eggplant rolls with rich walnut paste, Georgian spices, and pomegranate."
"full.menu.chef:Mtsvadi Vițel","Отборная телятина, маринованная со специями и обжаренная на углях до идеальной нежности.","Carne de vițel selectă, marinată cu mirodenii și friptă pe cărbuni până la frăgezime.","Select veal, marinated with spices and charcoal-grilled to perfect tenderness."
"full.menu.sets:Set din carne Mix","Щедрый выбор: рёбрышки ягненка, люля-кебаб из ягненка и свинины-телятины, шашлык из телятины, ягненка и свинины, абхазура и золотистые дольки картофеля.","O selecție generoasă: costiță de miel, liulea de miel și porc-vițel, frigărui de vițel, miel și porc, abhazura și felii de cartofi aurii.","A generous selection: lamb ribs, lamb and pork-veal kebab, veal, lamb, and pork shish kebab, abkhazura, and golden potato wedges."
"full.menu.sets:Set din carne de miel","Пир из ягненка: рёбрышки, шашлык, люля-кебаб, корейка и вырезка ягненка. Подается с дольками картофеля и овощами гриль.","Festin cu miel: costițe, frigărui, liulea kebab, spate și mușchiuleț de miel. Servit cu felii de cartofi și legume la grătar.","Lamb feast: lamb ribs, shish kebab, kebab, lamb saddle, and tenderloin. Served with potato wedges and grilled vegetables."
"full.menu.sets:Set din carne de porc","Вкусный микс: свиные рёбрышки, шашлык, люля-кебаб свинина-телятина (классический и с сыром), абхазура и дольки картофеля.","Mix savuros: costițe de porc, frigărui, liulea-kebab porc-vițel (clasic și cu cașcaval), abhazura și felii de cartofi.","Savory mix: pork ribs, shish kebab, pork-veal kebab (classic and with cheese), abkhazura, and potato wedges."
"full.menu.sets:Set din carne de pui","Всё лучшее из курицы: крылышки, голени, бёдра, люля-кебаб с сыром и шашлык из курицы. Подается с овощами гриль и дольками картофеля.","Tot ce e mai bun din pui: aripi, pulpe, șold, liulea cu cașcaval și frigărui de pui. Servit cu legume la grătar și felii de cartofi.","The best of chicken: wings, drumsticks, thighs, chicken kebab with cheese, and shish kebab. Served with grilled vegetables and potato wedges."
"full.menu.cold:Mokharshuli Ena","Нежный отварной говяжий язык со специями, подается с хреном и горчицей.","Limbă de vită fragedă, fiartă cu mirodenii, servită cu hrean și muștar.","Tender boiled beef tongue with spices, served with horseradish and mustard."
"full.menu.cold:Bulgaruli","Запеченный болгарский перец с пикантной начинкой из грецкого ореха, чеснока и зелени.","Ardei grași copți, umpluți cu o pastă fină de nuci, usturoi și ierburi aromatice.","Roasted bell peppers stuffed with a savory walnut paste, garlic, and aromatic herbs."
"full.menu.grill-special:Abhazura","Пикантные мясные шарики в жировой сетке — традиционный деликатес из Абхазии.","Chiftelute picante învelite în prapure, o delicatesă tradițională din regiunea Abhazia.","Spicy meatballs wrapped in caul fat, a traditional delicacy from the Abkhazia region."
"full.menu.grill-special:Costițe de porc","Сочные рёбрышки с хрустящей корочкой, пропитанные ароматом дымка.","Costițe suculente cu crustă crocantă, pline de savoare și aromă de fum.","Juicy ribs with a crispy crust, packed with flavor and a smoky aroma."
"full.menu.grill-special:Costițe de miel","Сочные рёбрышки с хрустящей корочкой, пропитанные ароматом дымка.","Costițe suculente cu crustă crocantă, pline de savoare și aromă de fum.","Juicy ribs with a crispy crust, packed with flavor and a smoky aroma."
"full.menu.grill-special:Pui la grătar cu legume","Целый цыплёнок с золотистой корочкой в дуэте с сочными овощами гриль.","Pui întreg rumenit la foc, însoțit de un mix de legume coapte la grătar.","Whole golden-brown grilled chicken served with a mix of fire-roasted vegetables."
"full.menu.mangal:Mtsvadi","Нежное мясо, маринованное по старинным рецептам и обжаренное на углях.","Carne fragedă marinată după rețete vechi și friptă la cărbuni.","Tender meat marinated with traditional recipes and charcoal-grilled."
"full.menu.mangal:Liulea-kebab","Рубленое мясо с ароматными травами, приготовленное на шампуре над открытым огнем.","Carne tocată fin cu ierburi aromatice, modelată pe sabie și friptă la foc deschis.","Savory minced meat with aromatic herbs, skewered and flame-grilled to perfection."
"full.menu.fish:Steak Sturion","Благородная рыба на гриле, подается с лимоном и фирменным соусом.","Pește nobil pregătit la grătar, servit cu lămâie și sosul nostru special.","Premium fish grilled to perfection, served with lemon and our signature sauce."
"full.menu.fish:Dorada","Благородная рыба на гриле, подается с лимоном и фирменным соусом.","Pește nobil pregătit la grătar, servit cu lămâie și sosul nostru special.","Premium fish grilled to perfection, served with lemon and our signature sauce."
"full.menu.fish:Steak Somon","Благородная рыба на гриле, подается с лимоном и фирменным соусом.","Pește nobil pregătit la grătar, servit cu lămâie și sosul nostru special.","Premium fish grilled to perfection, served with lemon and our signature sauce."
"full.menu.fish:Păstrăv","Благородная рыба на гриле, подается с лимоном и фирменным соусом.","Pește nobil pregătit la grătar, servit cu lămâie și sosul nostru special.","Premium fish grilled to perfection, served with lemon and our signature sauce."
"full.menu.khachapuri:Regal","Королевское хачапури с двойной порцией сыра и премиальными ингредиентами.","O creație regală cu o cantitate dublă de brânză și ingrediente premium pentru un gust desăvârșit.","A royal creation with double cheese and premium ingredients for a perfect taste."
"full.menu.khachapuri:Imeruli","Классическое круглое хачапури из Имеретии с обильной начинкой из молодого сыра.","Haceapuri clasic rotund din regiunea Imereti, cu umplutură bogată de brânză tânără.","Classic round khachapuri from the Imereti region with a rich young cheese filling."
"full.menu.khachapuri:Adjaruli","Знаменитая аджарская лодочка с тягучим сыром и яйцом. Легендарный вкус Грузии.","Celebra luntre din Adjaria cu brânză topită și ou. Gustul autentic al Georgiei.","The famous Adjarian boat with melted cheese and egg. The legendary taste of Georgia."
"full.menu.khachapuri:Adjaruli cu ceashushuli","Оригинальная лодочка, наполненная пряным чашушули из телятины или ягненка вместо яйца.","O luntre inedită umplută cu tocană picantă de vițel sau miel în loc de ou.","A unique boat filled with spicy veal or lamb stew instead of an egg."
"full.menu.khachapuri:Phlovani","Традиционная лепешка с полезной начинкой из свежего шпината и сыра.","Plăcintă tradițională cu umplutură sănătoasă de spanac proaspăt și brânză.","Traditional flatbread with a healthy filling of fresh spinach and cheese."
"full.menu.khachapuri:Megruli","Традиционная лепешка с сыром внутри и дополнительным слоем запеченного сыра сверху.","Plăcintă tradițională cu brânză în interior și un strat generos de brânză rumenită deasupra.","Traditional flatbread with cheese inside and a generous layer of browned cheese on top."
"full.menu.khachapuri:Kubdari","Гордость Сванетии — лепешка с мелко рубленным мясом и особым набором сванских специй.","Specialitate muntoasă din Svaneti, umplută cu carne tocată mărunt și condimente specifice.","Svanetian mountain specialty, filled with finely chopped meat and specific regional spices."
"full.menu.khachapuri:Penovani","Хрустящее слоеное хачапури с начинкой из горячего сыра сулугуни.","Haceapuri din aluat foietaj crocant, umplut cu brânză Suluguni fierbinte.","Crispy puff pastry khachapuri filled with hot Suluguni cheese."
"full.menu.hinkali:Mama Hinkali","Гастрономическое шоу: пять сочных хинкали, спрятанных внутри одной гигантской «Мамы».","O experiență spectaculoasă: cinci hinkali suculente ascunse într-una gigantice.","A spectacular experience: five juicy hinkali hidden inside one giant ""Mother"" hinkali."
"full.menu.hinkali:Hinkali cu cașcaval","Нежные хинкали с обильной начинкой из смеси тягучих грузинских сыров.","Hinkali delicate umplute cu un mix bogat de brânzeturi georgiene topite.","Delicate hinkali filled with a rich mix of melted Georgian cheeses."
"full.menu.hinkali:Hinkali mixt porc-vită","Классический рецепт с фаршем из свинины и телятины, горными травами и обилием горячего бульона.","Rețeta clasică cu carne tocată de porc și vită, condimente montane și mult suculent.","Classic recipe with minced pork and beef, mountain spices, and plenty of broth."
"full.menu.hinkali:Hinkali cu carne de miel","Насыщенный аутентичный вкус ягненка, дополненный кинзой и ароматными кавказскими травами.","Gust intens și autentic de carne de miel, completat de coriandru și ierburi aromatice.","Intense and authentic lamb flavor, complemented by cilantro and aromatic herbs."
"full.menu.hinkali:Hinkali cu carne de vită","Традиционные хинкали с телятиной и отборными грузинскими специями.","Hinkali tradiționale umplute cu carne de vită tocată și condimente georgiene selecte.","Traditional hinkali filled exclusively with minced beef and select Georgian spices."
"full.menu.soups:Kharcho","Пряный наваристый суп из телятины с рисом, зеленью и традиционными грузинскими специями.","Supă consistentă din carne de vită cu orez, verdeață proaspătă și condimente georgiene.","Hearty beef soup with rice, fresh herbs, and traditional Georgian spices."
"full.menu.soups:Shurpa","Традиционный грузинский суп из мяса козленка, славящийся своим насыщенным и восстанавливающим вкусом.","Supă georgiană tradițională cu carne de capră, recunoscută pentru gustul său bogat și revigorant.","Traditional Georgian soup with goat meat, known for its rich and restorative flavor."
"full.menu.soups:Borș roșu","Классический красный борщ со свежей капустой и нежной телятиной, приготовленный в лучших традициях.","Borș roșu clasic pregătit cu varză și carne fragedă de vițel, servit după cele mai bune tradiții.","Classic red borscht with cabbage and tender veal, prepared according to the best traditions."
"full.menu.soups:Solyanka","Густой суп с пятью видами мясных изделий и маринованными огурчиками. Подается со сметаной, маслинами и лимоном.","Supă densă preparată cu 5 feluri de salam și castraveți murați. Se servește cu smântână, măsline și lămâie.","Thick soup made with 5 types of meats and pickles. Served with sour cream, olives, and lemon."
"full.menu.soups:Chikhirtma cu carne de pui","Бархатистый белый куриный суп с добавлением ароматной зелени и грузинских специй.","Supă albă catifelată cu carne de pui, îmbogățită cu verdețuri aromate și condimente georgiene.","Velvety white chicken soup enriched with aromatic herbs and Georgian spices."
"full.menu.soups:Chikhirtma cu hinkali","Оригинальная вариация белого куриного супа, подается с аппетитными хинкали и свежей зеленью.","O variantă inedită a supei albe de pui, servită cu hinkali delicioși și ierburi proaspete.","A unique version of white chicken soup served with delicious hinkali and fresh herbs."
"full.menu.salads:Salată Kahetiană","Богатый микс из баклажанов, сладкого перца, черри, огурцов и лука с чесноком, укропом и майонезом.","Un mix bogat de vinete, ardei dulce, roșii cherry, castraveți și ceapă, cu dressing de maioneză și usturoi.","A rich mix of eggplant, bell pepper, cherry tomatoes, cucumbers, and onion with garlic, dill, and mayo."
"full.menu.salads:Salată cu limbă","Нежный говяжий язык, морковь и маринованные огурчики с чесноком, укропом и майонезом.","Limbă de vită fragedă, morcov și castraveți murați, asezonate cu usturoi, mărar și maioneză.","Tender beef tongue, carrots, and pickles seasoned with garlic, dill, and mayonnaise."
"full.menu.salads:Salată Gamarjoba","Тёплый салат с нежной телятиной, миксом свежей зелени и фирменным соусом «Gamarjoba».","Salată caldă cu carne de vițel fragedă, verdețuri mixte și sosul special de autor „Gamarjoba"".","Warm salad with tender veal, mixed greens, and the signature ""Gamarjoba"" special sauce."
"full.menu.salads:Salată Georgiană","Традиционная свежесть: помидоры, огурцы, красный лук, базилик и петрушка с ароматным домашним маслом.","Prospețime tradițională: roșii, castraveți, ceapă roșie, busuioc și pătrunjel cu unt aromat de casă.","Traditional freshness: tomatoes, cucumbers, red onion, basil and parsley with aromatic homemade butter."
"full.menu.salads:Salată Guriană","Помидоры, огурцы и красный лук с добавлением грецкого ореха, кинзы и винного уксуса.","Roșii, castraveți și ceapă roșie, completate cu nuci, coriandru proaspăt și un strop de oțet.","Tomatoes, cucumbers, and red onion with walnuts, fresh cilantro, and a touch of vinegar."
"full.menu.salads:Atsatsili de vinete","Запеченные баклажаны, красный лук, грецкий орех и чеснок с кинзой и уксусом.","Vinete coapte, ceapă roșie, nuci și usturoi, aromatizate cu coriandru și oțet.","Roasted eggplant, red onion, walnuts, and garlic, flavored with cilantro and vinegar."
"full.menu.hot-starters:Creveți cu spanac","Современная интерпретация: очищенные креветки в легендарном сливочно-чесночном соусе.","Reinterpretare modernă: creveți decorticați în faimosul sos cremos de usturoi.","A modern twist: peeled shrimps in the legendary creamy garlic sauce."
"full.menu.hot-starters:Kucimaci","Куриные потрошки, обжаренные с зернами граната, грецким орехом и пикантными специями.","Măruntaie de pui călite cu semințe de rodie, nuci și mirodenii picante.","Chicken offal sautéed with pomegranate seeds, walnuts, and spicy seasonings."
"full.menu.hot-starters:Semințe de miel","Мелкие кусочки нежных рёбрышек ягненка, обжаренные до золотистой хрустящей корочки с добавлением сванской соли.","Bucățele fragede de costiță de miel, prăjite până la o crustă crocantă și aurie, condimentate cu sare de Svaneti.","Tender small pieces of lamb ribs, fried until golden and crispy, seasoned with traditional Svaneti salt."
"full.menu.mains:Tvini","Деликатес из телячьих мозгов, томленый на сковороде со сливочным маслом и пряными травами.","Delicatețe din creier de vițel, pregătită la tigaie cu unt și ierburi aromatice.","Delicate veal brain sautéed in butter with aromatic herbs."
"full.menu.mains:Odjahuri","«Домашнее» блюдо из мяса или грибов, обжаренное с картофелем, луком и грузинскими специями.","Un fel de mâncare „de familie"", cu carne sau ciuperci și cartofi prăjiți, ceapă și condimente georgiene.","A ""family-style"" dish of meat or mushrooms fried with potatoes, onions, and Georgian spices."
"full.menu.mains:Ceashushuli","Нежное мясо, томленое в густом томатном соусе с болгарским перцем, чесноком и зеленью.","Carne fragedă tomleată într-un sos dens de roșii cu ardei dulce, usturoi și verdeață.","Tender meat stewed in a rich tomato sauce with bell peppers, garlic, and herbs."
"full.menu.mains:Chakapuli","Ароматное рагу из мяса ягненка, томленое в белом вине с обилием тархуна и зеленой алычи.","Tocană aromată din carne de miel, gătită cu vin alb, tarhon din abundență și prune verzi (tkemali).","Fragrant lamb stew slow-cooked in white wine with plenty of tarragon and green sour plums."
"full.menu.mains:Chakhokhbili","Кусочки курицы, тушенные в насыщенном соусе из томатов с луком, базиликом и кавказскими специями.","Bucăți de pui înăbușite într-un sos bogat de roșii cu ceapă, busuioc și mirodenii caucaziene.","Chicken pieces simmered in a rich tomato sauce with onions, basil, and Caucasian spices."
"full.menu.garnish:Gomi","Традиционная каша из кукурузной муки крупного и мелкого помола — нежная, густая и очень сытная.","Terci tradițional din mălai fin, cremos și săios, simbolul ospitalității georgiene.","Traditional Georgian cornmeal mash, smooth and hearty — a true staple of hospitality."
"full.menu.garnish:Legume la grătar","Микс сезонных овощей (перец, кабачки, баклажаны, грибы), запеченных на открытом огне с ароматом дымка.","Mix de legume de sezon (ardei, dovlecei, vinete, ciuperci) rumenite la foc deschis.","Seasonal vegetable mix (bell peppers, zucchini, eggplant, mushrooms) charred to perfection over an open flame."
"full.menu.garnish:Felii de cartofi cu usturoi","Золотистые дольки картофеля, обжаренные с пикантным чесноком и свежей зеленью.","Cartofi aurii tăiați felii, trași la tigaie cu usturoi proaspăt și verdeață aromată.","Golden potato wedges sautéed with fresh garlic and aromatic herbs."
"full.menu.garnish:Cartofi pai","Хрустящий картофель, нарезанный соломкой и обжаренный до золотистой корочки.","Cartofi crocanți tăiați pai, prăjiți până la o crustă perfectă, serviți cu sare.","Crispy French fries deep-fried to a golden crunch, lightly salted."
"full.menu.bread:Șoti","Традиционный грузинский хлеб, испечённый на стенках глиняной печи (тандыр).","Pâine tradițională georgiană, coaptă pe pereții cuptorului de lut (tandîr).","Traditional Georgian bread baked on the walls of a clay oven (tandoor)."
"full.menu.bread:Lavaș","Тонкий бездрожжевой лаваш, идеально подходящий к сочному шашлыку.","Lipie subțire, dospită fin, ideală pentru a rula carnea de pe grătar.","Thin flatbread, perfect for wrapping grilled meats."
"full.menu.bread:Adjika · Satsebeli · Matsoni · Tkemali","Adjica — Острая паста с перцем и чесноком. Sațebeli — Томатный соус со специями и кинзой. Mațoni — Кисломолочный соус с чесноком. Tkemali — Пикантный соус из зеленой алычи. Smântână / Ketchup — Сметана / Кетчуп.","Adjica — Pastă picantă cu ardei și usturoi. Sațebeli — Sos de roșii cu ierburi și condimente. Mațoni — Sos de iaurt tradițional cu usturoi. Tkemali — Sos de prune verzi cu note acrișoare. Smântână / Ketchup — Smântână proaspătă / Ketchup.","Adjica — Spicy chili and garlic paste. Sațebeli — Tomato sauce with herbs and spices. Mațoni — Traditional yogurt sauce with garlic. Tkemali — Sour green plum sauce. Smântână / Ketchup — Sour cream / Ketchup."
"full.menu.desserts:Napoleon","Классический многослойный десерт из хрустящего слоеного теста с нежным ванильным кремом.","Desert clasic cu multe straturi fine de foietaj și cremă fină de vanilie.","Classic multi-layered puff pastry dessert with smooth vanilla custard."
"full.menu.desserts:Karakum","Хрустящий десерт с шоколадом и орехами, вдохновленный вкусами детства.","Un desert crocant cu ciocolată și nuci, inspirat din gusturile copilăriei.","A crunchy chocolate and nut dessert inspired by childhood flavors."
"full.menu.desserts:Coptură cu mac","Домашняя выпечка с обильной маковой начинкой, приготовленная по традиционному рецепту.","Prăjitură de casă bogată în mac, pregătită după o rețetă tradițională caldă.","Homemade poppy seed cake prepared according to a warm traditional recipe."
"full.menu.desserts:Înghețată","Ассорти из различных сортов крафтового мороженого для прохладного завершения трапезы.","Diverse sortimente de înghețată artizanală pentru un final răcoros de masă.","Assorted craft ice cream flavors for a refreshing end to the meal."
"full.menu.desserts:Matzoni","Традиционный грузинский йогурт, полезный и освежающий, подается с ягодами.","Iaurt tradițional georgian, sănătos și răcoritor, servit adesea cu miere și nuci.","Traditional Georgian yogurt, healthy and refreshing, often served with honey and walnuts."
"full.dish.adjaruli","Знаменитая аджарская лодочка с тягучим сыром и яйцом. Легендарный вкус Грузии.","Celebra luntre din Adjaria cu brânză topită și ou. Gustul autentic al Georgiei.","The famous Adjarian boat with melted cheese and egg. The legendary taste of Georgia."
"full.dish.badrijani","Рулетики из баклажанов с ореховой пастой, грузинскими специями и зернами граната.","Rulouri de vinete prăjite cu pastă bogată de nuci, condimente georgiene și rodie.","Fried eggplant rolls with rich walnut paste, Georgian spices, and pomegranate."
"full.dish.mtsvadi","Нежное мясо, маринованное по старинным рецептам и обжаренное на углях.","Carne fragedă marinată după rețete vechi și friptă la cărbuni.","Tender meat marinated with traditional recipes and charcoal-grilled."
"full.dish.mama-hinkali","Гастрономическое шоу: пять сочных хинкали, спрятанных внутри одной гигантской «Мамы».","O experiență spectaculoasă: cinci hinkali suculente ascunse într-una gigantice.","A spectacular experience: five juicy hinkali hidden inside one giant ""Mother"" hinkali."
"full.dish.chakapuli","Ароматное рагу из мяса ягненка, томленое в белом вине с обилием тархуна и зеленой алычи.","Tocană aromată din carne de miel, gătită cu vin alb, tarhon din abundență și prune verzi (tkemali).","Fragrant lamb stew slow-cooked in white wine with plenty of tarragon and green sour plums."
